{"mean_reward": 269.75499498230874, "std_reward": 16.34356505468736, "is_deterministic": true, "n_eval_episodes": 10, "eval_datetime": "2025-09-24T09:17:45.109514"}