{"mean_reward": 370.25499498230874, "std_reward": 8.94356505468736, "is_deterministic": true, "n_eval_episodes": 10, "eval_datetime": "2025-09-24T09:17:45.109514"}
