{
    "name": "root",
    "gauges": {
        "Huggy.Policy.Entropy.mean": {
            "value": 1.4017597436904907,
            "min": 1.4017597436904907,
            "max": 1.4258570671081543,
            "count": 40
        },
        "Huggy.Policy.Entropy.sum": {
            "value": 69457.1953125,
            "min": 68526.234375,
            "max": 77896.9296875,
            "count": 40
        },
        "Huggy.Environment.EpisodeLength.mean": {
            "value": 93.89373814041745,
            "min": 83.50847457627118,
            "max": 409.327868852459,
            "count": 40
        },
        "Huggy.Environment.EpisodeLength.sum": {
            "value": 49482.0,
            "min": 48908.0,
            "max": 50314.0,
            "count": 40
        },
        "Huggy.Step.mean": {
            "value": 1999988.0,
            "min": 49732.0,
            "max": 1999988.0,
            "count": 40
        },
        "Huggy.Step.sum": {
            "value": 1999988.0,
            "min": 49732.0,
            "max": 1999988.0,
            "count": 40
        },
        "Huggy.Policy.ExtrinsicValueEstimate.mean": {
            "value": 2.4066989421844482,
            "min": 0.11080824583768845,
            "max": 2.466839075088501,
            "count": 40
        },
        "Huggy.Policy.ExtrinsicValueEstimate.sum": {
            "value": 1268.330322265625,
            "min": 13.407797813415527,
            "max": 1446.0301513671875,
            "count": 40
        },
        "Huggy.Environment.CumulativeReward.mean": {
            "value": 3.7800233209155767,
            "min": 1.8546914019860512,
            "max": 3.9400655418182104,
            "count": 40
        },
        "Huggy.Environment.CumulativeReward.sum": {
            "value": 1992.072290122509,
            "min": 224.4176596403122,
            "max": 2336.4588662981987,
            "count": 40
        },
        "Huggy.Policy.ExtrinsicReward.mean": {
            "value": 3.7800233209155767,
            "min": 1.8546914019860512,
            "max": 3.9400655418182104,
            "count": 40
        },
        "Huggy.Policy.ExtrinsicReward.sum": {
            "value": 1992.072290122509,
            "min": 224.4176596403122,
            "max": 2336.4588662981987,
            "count": 40
        },
        "Huggy.Losses.PolicyLoss.mean": {
            "value": 0.013602148443169426,
            "min": 0.013399762712651864,
            "max": 0.020569613654273174,
            "count": 40
        },
        "Huggy.Losses.PolicyLoss.sum": {
            "value": 0.04080644532950828,
            "min": 0.026799525425303727,
            "max": 0.059704546763290026,
            "count": 40
        },
        "Huggy.Losses.ValueLoss.mean": {
            "value": 0.050621931296255855,
            "min": 0.020735940802842377,
            "max": 0.05806372178097566,
            "count": 40
        },
        "Huggy.Losses.ValueLoss.sum": {
            "value": 0.15186579388876756,
            "min": 0.041471881605684754,
            "max": 0.17215554962555568,
            "count": 40
        },
        "Huggy.Policy.LearningRate.mean": {
            "value": 3.3376488874833335e-06,
            "min": 3.3376488874833335e-06,
            "max": 0.0002953076265641249,
            "count": 40
        },
        "Huggy.Policy.LearningRate.sum": {
            "value": 1.001294666245e-05,
            "min": 1.001294666245e-05,
            "max": 0.0008438616187127997,
            "count": 40
        },
        "Huggy.Policy.Epsilon.mean": {
            "value": 0.10111251666666667,
            "min": 0.10111251666666667,
            "max": 0.198435875,
            "count": 40
        },
        "Huggy.Policy.Epsilon.sum": {
            "value": 0.30333755,
            "min": 0.20737424999999998,
            "max": 0.5812871999999999,
            "count": 40
        },
        "Huggy.Policy.Beta.mean": {
            "value": 6.551458166666669e-05,
            "min": 6.551458166666669e-05,
            "max": 0.0049219501625,
            "count": 40
        },
        "Huggy.Policy.Beta.sum": {
            "value": 0.00019654374500000006,
            "min": 0.00019654374500000006,
            "max": 0.01406623128,
            "count": 40
        },
        "Huggy.IsTraining.mean": {
            "value": 1.0,
            "min": 1.0,
            "max": 1.0,
            "count": 40
        },
        "Huggy.IsTraining.sum": {
            "value": 1.0,
            "min": 1.0,
            "max": 1.0,
            "count": 40
        }
    },
    "metadata": {
        "timer_format_version": "0.1.0",
        "start_time_seconds": "1758802184",
        "python_version": "3.10.12 (main, Jul  5 2023, 18:54:27) [GCC 11.2.0]",
        "command_line_arguments": "/usr/local/envs/myvenv/bin/mlagents-learn /content/ml-agents/config/ppo/Huggy.yaml --env=./trained-envs-executables/linux/Huggy/Huggy --run-id=Huggy --no-graphics",
        "mlagents_version": "1.2.0.dev0",
        "mlagents_envs_version": "1.2.0.dev0",
        "communication_protocol_version": "1.5.0",
        "pytorch_version": "2.8.0+cu128",
        "numpy_version": "1.23.5",
        "end_time_seconds": "1758804972"
    },
    "total": 2788.19389024,
    "count": 1,
    "self": 0.430436815000121,
    "children": {
        "run_training.setup": {
            "total": 0.03286149199993815,
            "count": 1,
            "self": 0.03286149199993815
        },
        "TrainerController.start_learning": {
            "total": 2787.730591933,
            "count": 1,
            "self": 4.903087019780742,
            "children": {
                "TrainerController._reset_env": {
                    "total": 2.110020107999844,
                    "count": 1,
                    "self": 2.110020107999844
                },
                "TrainerController.advance": {
                    "total": 2780.60794293922,
                    "count": 232434,
                    "self": 4.805615651266635,
                    "children": {
                        "env_step": {
                            "total": 2285.500670077973,
                            "count": 232434,
                            "self": 1852.8315562283342,
                            "children": {
                                "SubprocessEnvManager._take_step": {
                                    "total": 429.5687259867409,
                                    "count": 232434,
                                    "self": 16.54124091459471,
                                    "children": {
                                        "TorchPolicy.evaluate": {
                                            "total": 413.0274850721462,
                                            "count": 223016,
                                            "self": 413.0274850721462
                                        }
                                    }
                                },
                                "workers": {
                                    "total": 3.10038786289806,
                                    "count": 232434,
                                    "self": 0.0,
                                    "children": {
                                        "worker_root": {
                                            "total": 2772.542823702232,
                                            "count": 232434,
                                            "is_parallel": true,
                                            "self": 1280.6253125054982,
                                            "children": {
                                                "run_training.setup": {
                                                    "total": 0.0,
                                                    "count": 0,
                                                    "is_parallel": true,
                                                    "self": 0.0,